"id","description"
2085,"Locksecure Emergency Exit Seals"
2303,"40mm Locksecure Seals"
2111,"Long Strap Seal with Metal Insert - 40cm"
2794,"Elec openers + closers surface mount"
2797,"Panic Bolt Britton Vertical Grey"
2801,"HIK 16Ch Turbo 3.0 DVR HD-TVI 5MP TVI 4MP IP"
2793,"Switch 16 Port POE"
2371,"K/A 50mm padlock"
1846,"Key Blank - Rotolock 7x7"
2795,"HIK Camera PTZ 720p 23 x OZ 100m IR"
2792,"Padlock 90mm Discus"
2798,"Padlock bbl 50mm Zinc Combination"
2799,"Mort Iseo 25mm d/lock s/steel"
2800,"Mort Iseo 35mm d/lock s/steel"
2802,"Hik cam HD-TVI 3mp WDR bullet 40m IR"
2514,"3 CH ET RECEIVER"
2305,"60mm Rotolock Locksecure Seals"
2040,"Comp - Rotolock Sellock Pins (3x6)"
2048,"Comp - Rotolock Shackle Retaining Pin"
2042,"Comp - Rotolock Butterfly"
1956,"Extern Lever Handle for Push Bar-BLACK"
2803,"Lead HDMI 3m cable"
2361,"95.75 8PIN FINGER BASE"
2585,"Key Blank Rotolock 7x7 Keyed Alike"
2477,"Tool bantam file Nicholson 4 inch"
2796,"Mouse- Black "
1452,"12V Regulated Power Supply"
2505,"Comp - Rotolock Body with Anodizing Blue"
2506,"Comp - Rotolock Body with Anodizing Green"
2046,"Comp - Rotolock Long Shackel with Plating"
1349,"AV Unit Texecom Module"
2807,"Wireless W-Angle out Detector"
2834,"Switch 24 Port managed"
2809,"2 Door push button station box"
2810,"MG 6250 Console + GPRS PA3884"
2812,"Kit AX200 Wireless outdoor"
2813,"8 Zone Expander - Pyronix"
2815,"Expander, Premier 8 Zone Economy"
2816,"Latch Release - Inward Open"
2818,"Beam - SP 100m Dual IR set"
2819,"Atsumi Beam 120M stackable"
2825,"Knoblock BBL Tulip SN 60-70mm Clam"
2821,"PCB S35 Set & Connection cable"
2829,"Batt - 1.5V AAA Alaline x 1 "
2830,"Mort ISEAO 35mm D/Bolt + Latch"
1397,"Status Hinge Security Bolt (Dog Bolt)"
2126,"Rapid HP 500ml Fluid"
2822,"Heater Block S35"
1545,"DEADLOCK Swing Bolt 25mm B/S"
2356,"CONVERTER CCTV AV TO VGA & HDMI"
1535,"CYL: Threaded (Screw-in) p/pair NP VIRO"
2811,"Wireless DR-WIN Mag-white"
1736,"60mm Rotolock Silver"
2804,"32 Channel HD-TVI-AHD-CVBS-IP Tribrid DVR (DS-7332HQHI-K4)"
2826,"S50 Heater Block"
2831,"Emergency Start Up Unit Eyelets (W/C)"
2837,"GBD-Crow plus shock & Glass break"
2832,"Hisense 43"" HD-Ready"
2820,"2Amp Power Supply CCTV"
2814,"DVR Mini 8CH with 1TB HDD"
2806,"50mm Keyedalike padlock LOCKSECURE suite(inhouse)"
2823,"PCB S70 Main"
1537,"DC Male Quick connector"
2824,"Heater Block S70"
2841,"Nozzels"
2842,"Smoke Screen Nozzels"
2843,"Repeater & 3.2 amp PSU-Sherlo"
2844,"Mort ISEO 35MM D/Bolt + Latch"
2847,"Hisense 65"" Smart LED TV"
2848,"MH Flat - panel TV Tiling wall"
2849,"Prestige orbit QD detector"
2850,"Zartek ZA-650 one button wireless kit"
2851,"Sherlo TX 4ch 1.5km code hopping sherlo"
2856,"HIK PTZ 2MP 200m 23x OZ"
2857,"Samsung 32"" TV"
2846,"Seagate Skyhawk Surveillance HDD 6TB"
2634,"HIK 16 Channel Embedded NVR with 8 PoE"
1822,"50mm PDLK LSeal MK"
1842,"4PIN Mortice Latch Lock 85mm"
1710,"KINK-90mm SSteel-304 Disc PDLK-Pin Tumbl"
1517,"CYL: Oval Small (Papaiz)"
1673,"90mm Key Blank -Universal UL050"
2817,"DVR Mini 8 CH HD-TVI/AHD Analog with 2TB HDD (DS-7108HGHI-F1)"
1285,"Camera Dome 1-4"" IR D-N 420TVL Sony"
2853,"Speed dome- IP network keyboard controller (DS-1100KI)"
1266,"Hard Drive Internal 2TB"
2291,"21.5' PC LED Monitor"
2855,"HIK 4MP WDR dome 4mm (DS-2CD2145FWD-IS) "
2355,"CAM 1/3 COL BULLET 3.6MM LENS 15M IR 800"
2845,"S35/S55 0.7amp battery"
2805,"HIK Dome Camera 1/3 (DS-2CE56C5T-VPIR3)"
2840,"Concept Smoke Screen S55"
1520,"CYL Cisa oval knob 65mm BP SP STD"
2862,"Hik HD-TVI DVR 8CH with alarm & 2TB HDD"
2864,"Lattice Slave head flush & surface"
2866,"Module- Direct - Up- Download"
2870,"Panel 64 Zone Neo"
2872,"Hik 2MP x20 Zoom 150m IR Network PTZ Camera"
2873,"Cable, Stranded 12 Core 100m (W)"
2868,"HDMI Extender Kit Over CAT5E/6 Full HD1080P to 50m Bi-directional IR"
2863,"Lattice Controller V1 Flush & Surface"
2871,"Keypad LCD NEO"
2858,"40"" TV LED"
2854,"HIK Camera 5MP mini indoor dome 2.8mm"
2861,"Module prog output"
1424,"Battery Backup Unit- Retail"
2852,"Magnet box 0.9mm stainless steel"
2860,"Output Modules Provides 8 PGM"
1632,"Indicator handle Union paraplegic"
1290,"DVR 4 CH with 500G HDD"
2316,"QUAD-Dual Page Colour"
2865,"Kit Metal Box, Tamper, Lock"
1562,"Outdoor Dome Camera"
2669,"Hik Camera PTZ 1/3'1080P (DS-2AE4225TI-D)"
2867,"HIK 16CH NVR 16PoE (DS-7716NI-I4/16P)"
2886,"Automated gate system"
2874,"Monitor - 40"" LED Samsung"
2876,"Key Cisa cut SP 332 BBL"
2880,"Mort Cisa Latch and hook 25mm"
2881,"Cyl Cisa Euro 1/2 39.5mm"
2882,"Netgear switches: Prosafe 24 port 10/100 4 gigabit PoE"
2883,"Hik dome camera 1/3 720p 20m 2.8mm"
2884,"Indicator bolt"
2406,"Hasplock bbl lockable 100mm STD Carded"
2888,"S/Steel push buttons"
2889,"LED Holders"
2896,"Hikvision IP Embedded NVR. 64-Ch 8 Sata Interface, Two-way Audio"
2897,"DSC Power Up & Download"
2899,"GWT X IP65 WALL MOUNT TRANSMITTER CODE "
2902,"DVR 32ch with 4TB HDD"
2903,"Outdoor beam ceci 60m"
2904,"PSU - 5 Amp Power Store 13.6VDC for 17AH Battery"
2879,"DVR Mini 4ch HD-TVI Analog"
2482,"2BT ET REMOTES"
2890,"LED Green 5mm"
2900,"HIK 8CH Mini NVR 50Mbps 1 SATA 1 HDMI /VGA 1 RJ45 no PoE"
2893,"Hik HD-TVI Bullet 4in 1080P IR 20m 2.8mm"
2891,"Hik IP cam 2MP dome IR 20M 2.8-12mm (DS-2CD2725FWD-IZS)"
2878,"Safe - Digital LED med 250 x 350 x 250mm"
2885,"HIK HD-TVI DVR 16 Channel with Alarm IO's (DS-7216HQHI-K2)"
2887,"Expander Box"
2905,"HIK 4 Channel Mini NVR 25Mpbs 1 SATA 1 HDMI/VGA 1 RJ45 "
2447,"Premier AV Microphone Unit"
2892,"Hikvision PTZ 2MP - 25 x oz -IR 100m - IP66 DS-2DE4225IW-DE"
2877,"HIK 8 Channel Mini NVR 50Mps 1 SATA 1 HDMI 8PoE (DS-7108NI-Q1/8P)"
2909,"USB Flash Drive 8GB"
1735,"60mm Rotolock Silver MTL Long Shackle"
2910,"Mort Assa H/Duty 78mm Oval"
2911,"Door 1 Push Button label"
2912,"Door 2 Push Button label"
2913,"Door 3 Push Button label"
2914,"Evacuate Push Button label"
2835,"Hik PTZ Corner Mount White"
2901,"DVR MINI 8CH HD-TVI Analogue"
2752,"Seagate Surveillance Hard drive 8TB SATA 3.5 "
2756,"Cat 5E UTP BC 100M"
2915,"CS7 ERR-C5PD KL-CA5PD Cisa Abus "
2916,"CH10T Keyblank HPC Tubular"
2917,"Cyl BBL Euro knob 60mm NP"
2918,"Cyl BBL Oval DBL 65mm NP"
2919,"Hik  HD-TVI Dome (turret) 1/3"" 720p IR40m"
2920,"Bumperrail with camera pole"
2921,"4amp Power Supply"
2541,"Key cabinet BBL 48 Key elec 365 x 300 x 100"
2925,"PSU- 24VAC 2amp Transformer"
2928,"Cable- CAT6E UTP BC 500m"
2929,"RG59 + Power - Black/300m"
2930,"Cam lock 20mm (toilet dispenser lock) "
1885,"Cylinder - MTL Interactive Double Profile"
1459,"4Channel Splitter Box Monochrome Quad"
1782,"DEADLOCK Narrow Style Cylinder -DCLSA"
2833,"IP Camera Lpinhole Covert 2mp 3.77mm lens (DS-2CD6424FWD-20)"
2931,"Gate lock slam boxed"
2924,"Double door Cabinet"
2906,"HIK IP Cam 2MP Dome 2.8mm (DS-2CD2125FWD-IS)"
1572,"Sata to Sata Cable 900mm"
1991,"Safe Lock Back Plate "
2933,"Detector outdoor FTN-AM"
2932,"Cyl Euro Double Inter MKD - MR Palatse"
2839,"HDMI Extender over IP RX&TX plus MM USB Cable"
2869,"HDMI Splitter 1-4 HDMI 2.0 1080p Supports 4K x 2K @ 60Hz"
2927,"PoE Injector 30watt (PTZ PSU)"
2923,"Lens, Curtain Cropped"
2922,"PIR, Premier Compact XT"
1841,"12 v Motice Electric Strike"
2926,"Door interlock PCB - 5 door "
2397,"CCTV PSU 9WAY 5A DIST BOX 12VDC"
2619,"ET TX 1 BUTTON- BLU-MIX ROLLING CODE"
2934,"ZKTeco X7 Fingerprint & RFID reader plus keypad standalone"
1787,"50mm FKey PDLK LSeal with Cable"
2936,"Cable - CAT6E 500m - Green/Orange"
1831,"55mm Mul-T-Lock Interactive Padlock"
2382,"A0 32MM SECURITY SILVER"
2281,"Aluminium Wire - Standard 1.6mm"
2343,"FREE STANDING 3.0M PRE-GALVANISED BRACKE"
2280,"Insulator - Omega With Clip - Black"
1271,"Warning Sign - Electric Fence"
2735,"COMPRESSION SPRING HYBRID"
2937,"Keyed Alike Extra Keys"
2938,"ET 4 Button Remote "
2939,"Elec Lock Cisa Elettrika W/Out Button"
2941,"Trunking - YT 16 x 16 / 2m"
2942,"Mort Cisa Logoline Latch & Bolt N/style"
2943,"23""-42"" Tilt TV Mount"
1432,"Enclosure - 100x 100x 50mm Plastic"
2944,"Premier Elite OH-W 868MHz"
2020,"ET 1 Button Remote"
2948,"32GB USB DRIVE"
2951,"Mylar - 2 Pair 0.22 / 100m"
2952,"D/LOCK CISA Logoline Euro N/Style 35mm"
2953,"Outdoor Beam, Ceci 30m"
2399,"ZBAMB2011-AMB2011 DEACTIVATOR"
2945,"Premier Elite 64-W LS1 868MHZ"
2946,"Premier Elite FMK Polished Chrome"
2947,"Texecom Connect Smartcom (Wifi & Ethern"
1896,"Key Blank - MTL Interactive 252B Profile"
2940,"450mm Front mount Tray"
1295,"Camera Power Jack"
2949,"Hik 16ch NVR 16 PoE 2 Sata Alarm IO (DS-7616NI-K2/16P)"
2004,"12V 10A Power Supply "
2035,"Rotolock Ball Bearings 10mm "
1421,"5 WAY BATTERY TERMINAL CONNECTOR"
2489,"12U 400+200mm Collar Swing Frame"
1392,"Status Hinge Security Bolt"
2315,"BNC T Piece"
1834,"Mirror Convex with Bracket"
1450,"B/W Outdoor 1/3 Camera"
1461,"Rainshield Intercom"
1485,"BNC Male - RCA Femal"
2375,"BATTERY BACKUP UNIT - (no battery)"
1855,"Key Blank - MTL CLASSIC 050 Profile"
1747,"90mm Padlock (Container)"
1480,"Cabinet lock K48"
2345,"DVR 4CH with 1TB"
1258,"Hard Drive 1TB"
2491,"Cable- CAT6E UTP BC 100m"
1460,"2Chanel Splitter Box VGA Booster"
2520,"BARREL CONNECTOR"
2321,"Cylinder - MTL 7X7 Half Profile"
1605,"Premier Elite Impaq Plus - W 868MHz"
1630,"Safe Handles"
2015,"4PDT 5A MINIATURE RELAY"
1686,"60mm Rotolock Keyed Alike"
1592,"Emergency Start-Up Pack"
2023,"Keypad Premier 8 Zone"
1173,"Atsumi NR90TS 90m Dual  Infrared  Beam"
2245,"DC Conec:+Cable Power Conec: for Camera"
2246,"DC Female Connctor with Cable"
2242,"Switching 12V 5A P/Sup: with 4DC Conect"
2239,"Power Supply Slim Line12V 1A"
1247,"Battery Lithium 3v for wireless door contact 10CR2"
2516,"Battery 12v GP23A alkaline for transmitt"
2530,"SWITCH 8 PORT no POE"
1286,"1/3"" Vandl Proof Dome WDR D/N Camera"
2002,"PSU - CCTV Switch Mode 2.5 AMP"
1931,"Wireless IP Camera 20m Night Vision"
2266,"UPS 2000VA"
2248,"BNC Connector (Male)"
2483,"2 Button Sherlo Key ring code hopping transmitt"
1246,"Battery Lithium 3.6v 1/2AA - FW-Mag"
1194,"Crow FW-RCV Wireless RX"
1193,"Crow FW - Swan W/Less PIR PET Immunity"
2663,"BAT - 1.5V AAA Duracell 4 Pack"
2668,"19"" Wallmount Bracket for monitor"
2473,"Seagate Surveillance Hard Drive 1TB SATA"
2561,"TAKEX OUTDOOR 180 DEGREES"
1708,"KINK-50mm Steel Lam: PDLK-PVC Jacket"
1891,"Cylinder - Half Profile"
2678,"2.8mm White dome Camera"
1188,"Camera PIR *VCI 750"
1707,"KINK-40mm Steel Lam: PDLK-PVC Jacket"
1690,"Padlock 40mm Long Shackle Keyed Alike"
1784,"50mm LSH/80 PDLK (Fire Bolt Lock)"
2583,"Intercom Hnadset Polophone"
2564,"MH 37-70'' LCD CEILING MOUNT"
2320,"BNC Connector - T Piece"
1575,"Escutch Souber Oval Stick SC"
2556,"Geforce GT210 1GB DDR 3 pcie"
1622,"Geovision 32 Port IP NVR"
1649,"Interlock Monitor Set COMPLETE"
2578,"PSU- 24VAC 3Amp Transformer"
2513,"Lighthouse Module- 2 LED"
2574,"USB Extension Cable 5m Male to Female"
1961,"Keyswitch Box Empty"
1801,"Door Loop (Steel)"
1425,"Charger Battery 300W Single Output"
1426,"Smart Battery Protector"
1595,"Eyelets"
1919,"Night Drop Unit - COMPLETE"
2384,"BATTERY SECEQUIP 7AH 12V"
1536,"CYL: V-Cam Half 40mm BR (BBL)"
1405,"Exstra Replacement Glass"
2041,"Cylinder - Roto MTL Barrel G-Series 7x7 with 2xKeys"
2570,"HDD 2TB"
2515,"Pyronix MC2SA-WE Wireless Mag Sa"
2448,"PARADOX REPEATER KIT INCL TRANSFORMER"
2531,"UPS - 2KVA"
2370,"FUSA FSK USB TO SERIAL ADAPTOR"
1576,"Escutch Souber Oval Stick PB"
1596,"Front Door Camer Stand"
2544,"Mushroom spring for G55 Lock"
1623,"Geovision 17"" LCD 1280X1024"
1772,"DEADLOCK 5 Lever -Status"
1310,"Geovision IO Box 8 With Ethernet Module"
2557,"Hard Drive 1TB Desktop"
2566,"DVR 4CH  with 1TB HDD COMPOSITE OUTPUT"
2446,"Body section 3m for No3 cylinder"
2575,"HDMI Cable 2.0m 1.4 v ETH"
1265,"Infrared Fence Beam 30m 8 Beam IP56"
1773,"Hooklock 50mm Profile Cyl"
1929,"Smoke Detector FT90/4W"
2555,"60 mm Rotolock PDLK + 4 Keys"
1709,"KINK-70mm SSteel-304 Disc PDLK-Pin Tumbl"
1711,"KINK-Easy Code PBUT Lock-CYL Hole-CR"
1844,"Mortice QS Hook Lock 35mm"
1839,"3 Lever Mortice Lock"
1920,"Night Drop Set Complete Blue"
2569,"NVR 8CH no PoE"
2329,"Push Button - Heavy Duty R/ST-17 N/O"
1218,"DEC Empty Metal Box"
2357,"BRACKET WALL MOUNT 13"" - 27"""
2373,"HOOK LOCK VIRO SCREW IN CYLINDER"
1292,"Geovision Control Centre"
2573,"SWITCH 8 PORT with POE"
1577,"Escutcheon Cisa Euro Long BP"
1624,"Geovision 2000 VA UPS"
2571,"HIK CAMERA DOME 2MP 2.8mm"
2558,"Power Supply 550W"
2580,"Emergency Seal - Ackermans"
1172,"Beam Atsumi NR60TS"
2385,"Battery Lithium Pir 3V"
2297,"Cable 6 Core Stranded Brown"
2554,"POWER SUPPLY CCTV 2 AMP 12V"
1510,"CYL: Oval Small DBL HS K/Dimple(CH)"
1574,"Escutcheons Profile Cylinder ss"
2476,"Keblank Assa 7 Lever Safe 125mm"
2545,"JC25 Mortice Hook lock for Alu Door"
2532,"PSU-CCTV 9WAY 10 AMP"
2451,"FW2 TRANSCEIVER"
1794,"Profile Lockset "
2393,"MAGLOCK SP300KG WITH LED"
2572,"HIK CAMERA DOME 2MP 4MM"
2539,"CAMLOCK 16MM CHROME STD"
1578,"Escutcheon Cisa Euro Round BP"
1417,"TV Mount Bracket"
1466,"Samsung 1.3 Col Camera (Ocean Electric)"
1267,"COP Bailing"
1579,"Escutcheon Cisa Euro Black Nylon"
1499,"2 Door Interlock Controller Unit"
1571,"Puch Button -H/Duty N/C"
1439,"CAT 6 Network Cable"
1383,"YB600 Electric Bolt Lock with Key O/ride"
1680,"Universal Blank Keys"
2444,"HANDLE CISA NAT ALUMINIUM"
1396,"Electronic B/Lock with Elect/mag (ball)"
1404,"Break Glass Exit Box Resettable"
1482,"Monitor 18.5'' (DS-D5019QE-B"
1702,"Keypad Stand Alone Smartguard"
1428,"Battery Box MK 1 - Large"
1250,"Keypad Cadex LCD Upto 192 Zone"
1758,"Bird Night Latch lock 0508B"
1554,"Fire Exit Door"
2546,"Disk Master Intergr Pin size 3 for 7X7"
1764,"N106/3 Safe Lock"
2322,"NIGHT DROP BLANK PC BOARD"
2584,"PIR- Paradox Digigaurd 75 PET 40KG"
2533,"Paradox 2 way remote PA-3812"
1506,"CYBERLOCK Rechargable Plastic Case"
2568,"TV 40"" FHD LED"
1580,"Escutcheon Cisa Euro Round NP"
1581,"Escutch Souber Euro Large Stick"
1717,"Coby 42"" DLED TV"
2548,"Disk Master Intergr Pin size 5 for 7X7"
1301,"BNC Connectors"
1582,"Escutcheon Cisa Small Oval Black Nylon"
1583,"Escutch Cisa Small Oval"
1400,"Deadlock Swing Bolt"
1569,"Premier PSU200XP"
1377,"Pad Bolt 150mm"
1599,"Alarm Control Box Empty"
1606,"Contact Wireless Elite Impaq  - W 868MHz"
2581,"Emergency Seal - Bulk Supply"
1394,"Redlam Fire Bolt Set"
2112,"90mm LS Container Lock Seal"
1543,"DEADLOCK Narrow Style CISA Euro 35mm"
1401,"Break Glass Key Box (Red)"
1757,"Camlock 20mm"
1551,"Digital Latch Lock"
2295,"Battery 12V 8AH GEL"
2540,"Mini- Microphone with Pre Amp"
1399,"Hook Slam Cylinder 15mm Lock"
1416,"Bracket for Bolt Lock (YBL100)"
1481,"Cabinet Push Lock 25mm"
1883,"MTL INTER DBL Oval Cylinder"
2413,"Q35X85MM-SS DEADBOLT"
2442,"Drop hook lock"
2432,"DC SOCKET PLUG (female)"
1278,"Stranded Galvanised Wire E/Fence"
1607,"PIR Premier Elite QD-W 868MHz"
1603,"PIR Guardall Anti Masking"
1171,"Beam Atsumi NR30TS"
1943,"Smoke Detector Exodus OH/4w"
2547,"Disk Master Intergr Pin size 4 for 7X7"
1765,"N94/3 Safe Lock SANN94"
2453,"FW2 NEO Wireless PIR"
2452,"FW2 Mag Contacts"
2304,"50mm Locksecure Seals"
2420,"TTK-350 90/PC LAN MAINTENANCE TOOL KIT"
2549,"Disk Master Intergr pin size 6 for 7X7"
2586,"Roto MTL Barrel G-Series 7X7 Keyed Alike"
2379,"JUST-A-PUFF POWDER"
1573,"ESata Converter"
1725,"50mm Padlock  LSeal"
2070,"CAT 4 Safe"
1496,"Cable 6 Core Stranded White"
2028,"Double Door Roto Protector Box/4mm"
1973,"PIR Prestige Dual Tech (DT)"
2006,"PIR Prestige TD"
1604,"Premier Elite XT-W 868MHz"
1557,"HD Large Door Closer"
1898,"MTL CUT Classic Key - 023"
1796,"Handle Dorma oulu tube lever SS"
1759,"DEADLOCK Profile Cylinder 25mm B/Set"
1792,"ZECO 3WH Combination Dail Safe Lock"
1840,"4 Lever Mortice Lock"
1760,"Camlock 16mm"
1620,"GPRS Falcon Radio Transmitter"
1564,"Dust Excluding Keep SS"
1636,"Hasp and Staples Flat Standard"
1443,"CB Roller Shutter Bracket Sets"
1922,"NDR Interactive Keys (252)"
2510,"Expander- 16 Zone NX8E"
1923,"Night Drop Key Box (Black Box)"
1959,"Push Button Station 2 Door + Evacuate"
1502,"3 Door Interlock Controller Unit"
1827,"Mauer N160 7L"
1176,"Panel Premier 412"
1305,"USB Fidi Adaptor"
2318,"DVR 4CH"
1744,"50mm Padlock LSeal Long Shackle"
1261,"DSC Control Panel Upto 64 Zones"
1293,"Geovision POS Text Sender 16 Port"
1222,"Magnetic Contact H/Duty"
1621,"Geovision Control Centre System 6 Monit."
1729,"60mm Rotolock Red"
1949,"Panel Customer Specified"
2003,"Power Supply 9Way 5Amp"
1306,"Geovision 2m Box WDR Pro F2.8 12mm"
1307,"Geovision 2M Fixed Dome F2.8mm IR"
2029,"Roller Shutter Door Roto Protector Box/ 3mm"
1609,"PIR Premier 360QD - W"
1272,"HT Cable Black Slimline"
1262,"DSC Expander 8 Zone powerseries "
1813,"Maglock Status Indicator"
1248,"Seismic Detector"
1777,"V-CAM 60mm Cyl Euro BR Jaquar"
1771,"DEADLOCK 5 Lever -Union"
1769,"Camlock 30mm"
1876,"MTL G55 Series Padlock"
1903,"MTL CUT Classic Key -050"
2542,"32"" Monitor Mecer / Telefunken"
1207,"Outdoor Long Range Detector"
1147,"Charger Board 12v 1.5AMP"
2022,"Keypad Premier 16 Zone"
1223,"Magnetic Contact R-Shutter P1"
1752,"N8 Safe Lock"
2306,"EAS - MKD400-BL - Ultra Tag Detacher "
1608,"Glass Break Sensor"
1610,"Expander Premier Elite 32XP-W 868 MHz"
1308,"Geovision 2m Fisheye F1.05mm"
2063,"Fire resistant cabinet (safe data guard)"
1181,"MS-12FE Quad Outdoor PIR"
1208,"Detector Long Range"
2360,"Bracket ZL for SP600KG MAGLOCK"
1948,"Panel Premier 8168"
2508,"Siren 12v 1000m : 1N"
2045,"NDR MTL Cylinder Interactive Key-Switch"
1918,"Night Drop PC Board"
2049,"SR-KRB No.3 Key (silca)"
1762,"N108 Safe Lock"
2457,"HIK 2MP IR Mini Indoor Dome 10m Camera (DS-2CD2525FWD-IS)"
2405,"D/LOCK CISA EURO DBL THROW"
1746,"Security Gate Lock"
1908,"Key Blank Interactive"
1360,"Pushlock BBL Small 19x23mm Chrome STD"
2456,"Battery 12V 105AH"
1756,"Camlock "
2359,"Maglock SP600kg with LED"
2307,"Interconnect cable; 4m -ZPUP-IC6-4M UI "
2394,"BRACKET ZL FOR SP300KG MAGLOCK"
2376,"CS206 ERR-C5D KL-CA5D--FJ-T CISA"
